Name,PipeDrive
Bandwidth Application Technologies,https://rsrf.pipedrive.com/organization/43
Absolute Wireless,https://rsrf.pipedrive.com/organization/4192
Max Boost Wireless,https://rsrf.pipedrive.com/organization/5514
DNS Technology Solutions,https://rsrf.pipedrive.com/organization/4236
Decision One Wireless,https://rsrf.pipedrive.com/organization/6479
Seamless Cellular,https://rsrf.pipedrive.com/organization/2320
Alpine Power Systems,https://rsrf.pipedrive.com/organization/1378
CWS,https://rsrf.pipedrive.com/organization/1615
RF Wireless Network Corp,https://rsrf.pipedrive.com/organization/1687
Evolution RF,https://rsrf.pipedrive.com/organization/1750
Crosslink Wireless,https://rsrf.pipedrive.com/organization/1772
CellGain Wireless,https://rsrf.pipedrive.com/organization/1787
Top Shelf Electric,https://rsrf.pipedrive.com/organization/1817
Global Online Computers,https://rsrf.pipedrive.com/organization/5278
A.S. Jones & Co.,https://rsrf.pipedrive.com/organization/6327
5G Store,https://rsrf.pipedrive.com/organization/5692
Accu-Tech Corp,https://rsrf.pipedrive.com/organization/1900
Parity Technology Solutions,https://rsrf.pipedrive.com/organization/5027
Adobe Communications,https://rsrf.pipedrive.com/organization/4981
Advantage Supply Center,https://rsrf.pipedrive.com/organization/5209
Infinite Electronics,https://rsrf.pipedrive.com/organization/5377
Alliance Corporation,https://rsrf.pipedrive.com/organization/4788
"America's Communications ",https://rsrf.pipedrive.com/organization/5021
American Tower,https://rsrf.pipedrive.com/organization/1935
GlobalCom Technologies,https://rsrf.pipedrive.com/organization/5492
Goodman networks,https://rsrf.pipedrive.com/organization/2079
GoUnified`,https://rsrf.pipedrive.com/organization/5878
Graybar Electric,https://rsrf.pipedrive.com/organization/3189
Green Mountain Communications,https://rsrf.pipedrive.com/organization/1756
Gregory Electric,https://rsrf.pipedrive.com/organization/5606
Gurries Electric,https://rsrf.pipedrive.com/organization/6523
Haymaker technologies,https://rsrf.pipedrive.com/organization/2337
Houston Electric,https://rsrf.pipedrive.com/organization/5380
Hunt Electric,https://rsrf.pipedrive.com/organization/5680
Hylan Electric,https://rsrf.pipedrive.com/organization/5400
Astral Communications,https://rsrf.pipedrive.com/organization/6101
Azimuth,https://rsrf.pipedrive.com/organization/5739
Aztecs,https://rsrf.pipedrive.com/organization/5641
Atlantic Technology Group,https://rsrf.pipedrive.com/organization/4209
ATS Integration,https://rsrf.pipedrive.com/organization/1019
Avail Group,https://rsrf.pipedrive.com/organization/5498
AVCOM Inc,https://rsrf.pipedrive.com/organization/4654
I Hear U Hospitality Solutions,https://rsrf.pipedrive.com/organization/4883
IB Wireless,https://rsrf.pipedrive.com/organization/6801
IDM Builds,https://rsrf.pipedrive.com/organization/5995
Illuminati Labs,https://rsrf.pipedrive.com/organization/5046
In Building Wireless Solutions,https://rsrf.pipedrive.com/organization/3765
Infinigy,https://rsrf.pipedrive.com/organization/6082
Ingram Micro,https://rsrf.pipedrive.com/organization/2504
Innovative Telco Solutions,https://rsrf.pipedrive.com/organization/6514
Integrated Tech Corp,https://rsrf.pipedrive.com/organization/6761
Integrity data and Fiber Inc.,https://rsrf.pipedrive.com/organization/2034
Interceptor Systems,https://rsrf.pipedrive.com/organization/5041
IT Cubed,https://rsrf.pipedrive.com/organization/4943
IT Network Professionals,https://rsrf.pipedrive.com/organization/5298
IT OneSource,https://rsrf.pipedrive.com/organization/4841
Benson Systems,https://rsrf.pipedrive.com/organization/28
Berg Electric,https://rsrf.pipedrive.com/organization/5946
Berk-Tel Communications,https://rsrf.pipedrive.com/organization/5561
Bluegrass,https://rsrf.pipedrive.com/organization/5582
,