Name,PipeDrive
Avail Group,https://rsrf.pipedrive.com/organization/5498
IT OneSource,https://rsrf.pipedrive.com/organization/4841
Hunt Electric,https://rsrf.pipedrive.com/organization/5680
"America's Communications ",https://rsrf.pipedrive.com/organization/5021
CWS,https://rsrf.pipedrive.com/organization/1615
DNS Technology Solutions,https://rsrf.pipedrive.com/organization/4236
RF Wireless Network Corp,https://rsrf.pipedrive.com/organization/1687
Haymaker technologies,https://rsrf.pipedrive.com/organization/2337
Azimuth,https://rsrf.pipedrive.com/organization/5739
Astral Communications,https://rsrf.pipedrive.com/organization/6101
Absolute Wireless,https://rsrf.pipedrive.com/organization/4192
Decision One Wireless,https://rsrf.pipedrive.com/organization/6479
Gurries Electric,https://rsrf.pipedrive.com/organization/6523
IDM Builds,https://rsrf.pipedrive.com/organization/5995
Integrity data and Fiber Inc.,https://rsrf.pipedrive.com/organization/2034
IT Network Professionals,https://rsrf.pipedrive.com/organization/5298
Evolution RF,https://rsrf.pipedrive.com/organization/1750
Goodman networks,https://rsrf.pipedrive.com/organization/2079
Infinite Electronics,https://rsrf.pipedrive.com/organization/5377
Graybar Electric,https://rsrf.pipedrive.com/organization/3189
Max Boost Wireless,https://rsrf.pipedrive.com/organization/5514
Alpine Power Systems,https://rsrf.pipedrive.com/organization/1378
Interceptor Systems,https://rsrf.pipedrive.com/organization/5041
ATS Integration,https://rsrf.pipedrive.com/organization/1019
Bluegrass,https://rsrf.pipedrive.com/organization/5582
Berg Electric,https://rsrf.pipedrive.com/organization/5946
Seamless Cellular,https://rsrf.pipedrive.com/organization/2320
In Building Wireless Solutions,https://rsrf.pipedrive.com/organization/3765
Adobe Communications,https://rsrf.pipedrive.com/organization/4981
Ingram Micro,https://rsrf.pipedrive.com/organization/2504
CellGain Wireless,https://rsrf.pipedrive.com/organization/1787
Berk-Tel Communications,https://rsrf.pipedrive.com/organization/5561
Green Mountain Communications,https://rsrf.pipedrive.com/organization/1756
Bandwidth Application Technologies,https://rsrf.pipedrive.com/organization/43
Houston Electric,https://rsrf.pipedrive.com/organization/5380
IB Wireless,https://rsrf.pipedrive.com/organization/6801
GlobalCom Technologies,https://rsrf.pipedrive.com/organization/5492
Crosslink Wireless,https://rsrf.pipedrive.com/organization/1772
A.S. Jones & Co.,https://rsrf.pipedrive.com/organization/6327
Infinigy,https://rsrf.pipedrive.com/organization/6082
Accu-Tech Corp,https://rsrf.pipedrive.com/organization/1900
I Hear U Hospitality Solutions,https://rsrf.pipedrive.com/organization/4883
Global Online Computers,https://rsrf.pipedrive.com/organization/5278
5G Store,https://rsrf.pipedrive.com/organization/5692
Innovative Telco Solutions,https://rsrf.pipedrive.com/organization/6514
Benson Systems,https://rsrf.pipedrive.com/organization/28
AVCOM Inc,https://rsrf.pipedrive.com/organization/4654
Top Shelf Electric,https://rsrf.pipedrive.com/organization/1817
Atlantic Technology Group,https://rsrf.pipedrive.com/organization/4209
Advantage Supply Center,https://rsrf.pipedrive.com/organization/5209
Illuminati Labs,https://rsrf.pipedrive.com/organization/5046
Gregory Electric,https://rsrf.pipedrive.com/organization/5606
Integrated Tech Corp,https://rsrf.pipedrive.com/organization/6761
American Tower,https://rsrf.pipedrive.com/organization/1935
Alliance Corporation,https://rsrf.pipedrive.com/organization/4788
GoUnified`,https://rsrf.pipedrive.com/organization/5878
,
IT Cubed,https://rsrf.pipedrive.com/organization/4943
Hylan Electric,https://rsrf.pipedrive.com/organization/5400
Aztecs,https://rsrf.pipedrive.com/organization/5641
Parity Technology Solutions,https://rsrf.pipedrive.com/organization/5027